pipeline_observation_number,source_row_index,source_timestamp,entity_id,open,high,low,close,volume,physical_row,status,observation_id,emission_id,source_delta_t_seconds,decision_rule_path,H,Q_G,Q_S,Q_R,C,path_direction,terminal_displacement,strength,coherence,persistence,uncertainty,reversal_propensity,position_decision,position_state_before,position_state_after,prior_context_count,adaptation_event_delta,feedback_event_delta
1,0,2022-09-30 04:00:00,AAPL,143.59,143.59,143.1,143.49,4060,2,INITIALIZING,2e952c630f8e9fd39462532946dcee144d3e186891def2383925e3115b44f4d1,8eec49a970f9684a092cb1a413870ea812586a363d9ededb7cf43f4769d017f9,,INITIALIZATION_NON_ACTIONABLE,1,0.0,0.5752710713443663,0.6718439044523016,0.0,FLAT,0.0,0.9518918578430619,0.9999999952380952,0.2,0.26894142211899297,0.3825744672088606,,FLAT,FLAT,0,0,0
2,1,2022-09-30 04:01:00,AAPL,143.49,143.49,143.38,143.38,481,3,INITIALIZING,104c45096a2075a010786a3a06a83d56875bb371e0b929300be4fafd1b5208fb,6e58f95dde8c2928d2189313740c72570ea7344aea48e6d06e3baf1b937d1ab5,60.0,INITIALIZATION_NON_ACTIONABLE,1,1.0,0.583394947577654,0.44450802148258656,0.25932373389068025,DOWNWARD,-0.10918009289513254,0.8478762624099133,0.8363726825559088,0.27999848062520943,0.4999310674014657,0.60487971101178,,FLAT,FLAT,1,0,0
3,2,2022-09-30 04:02:00,AAPL,143.22,143.22,143.22,143.22,107,4,INITIALIZING,524b3318ff884cd702e34029ab156dfb47671c723fcec61fccb4f050bd0a88b2,b2c3166d66d8005d3bea461364eb7dc10aaf858cc061e60d9e1785d8eccc8142,60.0,INITIALIZATION_NON_ACTIONABLE,1,1.0,0.4510223154818788,0.6201775646769652,0.27971392123051747,DOWNWARD,-0.14544605529127075,0.5699854265807518,0.37963522314920334,0.423998030064085,0.3847262236114939,0.37487956339327505,,FLAT,FLAT,2,0,0
4,3,2022-09-30 04:03:00,AAPL,143.39,143.39,143.21,143.23,2811,5,INITIALIZING,82902f07105205f7ad135df54aaf65763a8feefabca1f2a6ed5d722b99591689,36d383478e84484e11398a8880c17a970bb3eacd0281682faca245edaf255c5b,60.0,INITIALIZATION_NON_ACTIONABLE,1,1.0,0.625575254190025,0.5325401308398783,0.33314392771654605,UPWARD,0.09225850018034587,0.9246621741423019,0.7805518643322049,0.339198424051268,0.3290525961143328,0.577315614737394,,FLAT,FLAT,3,0,0
5,4,2022-09-30 04:04:00,AAPL,143.3,143.32,143.3,143.32,309,6,INITIALIZING,7ca1ac860bffc91ddcceca9d9c917431d260e81176c3449797f20ff0b70a97e8,d840cb6a647ca13528a031f8903cc00eec7f938245c1200216b967be78b5b562,60.0,INITIALIZATION_NON_ACTIONABLE,1,1.0,0.5855508637824203,0.5396354768887026,0.3159840196198181,UPWARD,0.1265221769936417,0.7418616797279819,0.6915080953096919,0.3913575086910786,0.3323740327160964,0.5638179726567408,,FLAT,FLAT,4,0,0
6,5,2022-09-30 04:05:00,AAPL,143.38,143.39,143.2,143.2,1565,7,INITIALIZING,0ad63517d06bc46fd2dd05f61ab03ed7beaf52046c289bef288b94df508df930,0ef9d57698a1237312cf6e93531f2e2a7f4dbc91db6add874caab41c620cced2,60.0,INITIALIZATION_NON_ACTIONABLE,1,1.0,0.5743918270682942,0.6280360514057556,0.3607387750317091,DOWNWARD,-0.21327497708371163,0.8740081343384413,0.6925412125143325,0.3130860069528629,0.3536525473644293,0.389756577121186,,FLAT,FLAT,5,0,0
7,6,2022-09-30 04:06:00,AAPL,143.17,143.17,143.0,143.0,2919,8,INITIALIZING,737ecfdcc887b3e7eff1a3f3e1dc2a40ff583a66cd1faf877f709629ca74a02c,a3d4e4ca8e3c8ccac33d92b077aebd6ae6815f8fe5d95e1d55d01ebb399565e8,60.0,INITIALIZATION_NON_ACTIONABLE,1,1.0,0.6072505044944314,0.6323511771703436,0.38399557135433876,DOWNWARD,-0.26759860685444525,0.887193970198892,0.5603012613697372,0.4504675082156797,0.35675510199982846,0.37835805225677394,,FLAT,FLAT,6,0,0
8,7,2022-09-30 04:09:00,AAPL,143.03,143.03,143.02,143.02,574,9,INITIALIZING,f17b7ce478ead68524351c18b7d00f29f942a7aba7f613236b905ff81022a5ca,8bd7ec13db34c4f09ad43a91678ed4a1e0bbab8daf26c877658ae00ba15bdde2,180.0,INITIALIZATION_NON_ACTIONABLE,1,1.0,0.43218927336716706,0.44743652541745665,0.19337726679810058,UPWARD,0.02911366282807526,0.6856397534927586,0.32671757962375564,0.3603740065725438,0.4893640953483381,0.6079409174836317,,FLAT,FLAT,7,0,0
9,8,2022-09-30 04:14:00,AAPL,143.13,143.2,143.13,143.2,295,10,INITIALIZING,a05900a360d1650c1b73ce6adcd4638e5be43b208bf37ed35c5022c81eeeddbf,e1909efff16a96d58540807eb07a950003929f7ee3fdf186d812670702256526,300.0,INITIALIZATION_NON_ACTIONABLE,1,1.0,0.49615056845660155,0.5144570967945001,0.2552481810211241,UPWARD,0.04007774403787412,0.6241021529159955,0.4792988276816506,0.4082991091420095,0.38061332653442875,0.5726964822130013,,FLAT,FLAT,8,0,0
10,9,2022-09-30 04:15:00,AAPL,143.25,143.25,143.2,143.24,5742,11,INITIALIZING,e552b792c7df9faad25d15e1b73c7b475dd8ad6a139f85e1597ae2376ca31b72,e9ca82e99ab504561fe626f10f5935cc82dbe03a38c7879fcfb1cca82d6c985e,60.0,INITIALIZATION_NON_ACTIONABLE,1,1.0,0.7002845685191394,0.5614132725088631,0.3931490512997872,UPWARD,0.06279625312329201,0.9277323294449378,0.828789366950988,0.4466391695244649,0.29782089951052676,0.5511332332030351,,FLAT,FLAT,9,0,0
11,10,2022-09-30 04:16:00,AAPL,143.23,143.39,143.23,143.39,3168,12,INITIALIZING,bfc67885b8d9e11bef912ce0c74ad51b06500424249fc488e42183479d2f68fd,7bc520091d8b52c394de84fc367109a37ca46a5a2ad1dfde2788237c9cc205cc,60.0,INITIALIZATION_NON_ACTIONABLE,1,1.0,0.7564558573195924,0.5750345401929036,0.4349882460900005,UPWARD,0.30806950191144933,0.9068823877903173,0.9999999938940238,0.47730919960116125,0.28838419471155036,0.5353325207822909,,FLAT,FLAT,10,0,0
12,11,2022-09-30 04:17:00,AAPL,143.35,143.35,143.35,143.35,100,13,INITIALIZING,1d12228a949657e136c93c9346e446eba97d0c26a9a45c66232857282edc804a,62148c0a5c6a2f683845e63dd5f6b4f4c9f8853bbbd342f625647be72273c8b2,60.0,INITIALIZATION_NON_ACTIONABLE,1,1.0,0.5857531714863329,0.5384118967423758,0.3153764760828186,DOWNWARD,-0.1425058482510559,0.6643419344203889,0.7922504369937127,0.38184735968092903,0.33955715408669734,0.5610712231232547,,FLAT,FLAT,11,0,0
13,12,2022-09-30 04:18:00,AAPL,143.34,143.35,143.29,143.33,1298,14,INITIALIZING,a820545d2c107d4e26eff70ed151e9f736cce2fff8764cc39925c837ea1f4699,a5352c338f6e9aecbd84817998816c505d72299f4798b4ce2a216be838df3dc8,60.0,INITIALIZATION_NON_ACTIONABLE,1,1.0,0.6743603718923067,0.4056579781254523,0.2735596649897612,DOWNWARD,-0.01647314579015287,0.824727559291264,0.8739548976723285,0.42547749793727735,0.29286550829707797,0.767288405320832,,FLAT,FLAT,12,0,0
14,13,2022-09-30 04:19:00,AAPL,143.33,143.33,143.31,143.31,950,15,INITIALIZING,868bd2339ef563abedce4674ce161c407d4c1241769582a81a294a1411800367,5e56d0ce19e03847b6915544cb1338dac01ef8acbe20810649a92d018eee4524,60.0,INITIALIZATION_NON_ACTIONABLE,1,1.0,0.7017699528649641,0.6806070267937718,0.4776295611126286,DOWNWARD,-0.03354626494064465,0.796324699487462,0.8031437098536668,0.540381981597817,0.3011650405501704,0.3371454609458275,,FLAT,FLAT,13,0,0
15,14,2022-09-30 04:20:00,AAPL,143.31,143.35,143.2,143.31,2765,16,INITIALIZING,4b2b564935404e7a5826ad8f92919d2a5ce490783cd93555c0f37f4b543fe960,4d14cd2aa6e38641ace7d1fbb8248ebfc362978e16a66f15ec57f91c5c08101e,60.0,INITIALIZATION_NON_ACTIONABLE,1,1.0,0.6907338209690833,0.5641535257368198,0.3896799204453736,UPWARD,0.017292139815332286,0.8800092064942483,0.8662716495928431,0.43230558527825363,0.29469641490059545,0.548748641967518,,FLAT,FLAT,14,10,0
16,15,2022-09-30 04:21:00,AAPL,143.3,143.3,143.3,143.3,2000,17,ACTIONABLE,fccc45a78edcbdafb0f35408ee2abcee36e4cfa11ed4db2b1b6327a7be0cef77,6626939bcf124f95e9fe3c8eae226b98b149658125b7047ea164c82fd0c55ffa,60.0,DOWNWARD_AND_PRIOR_DIRECTION_AGREEMENT_AND_C_GE_PRIOR_MEDIAN,1,1.0,0.622939963361372,0.6647968491752531,0.4141285248679877,DOWNWARD,-0.02376970532364822,0.8483213184886548,0.8239433717305438,0.34584446822260295,0.2998249374926073,0.36879378552749026,SELL,FLAT,SHORT,15,7,2
17,16,2022-09-30 04:24:00,AAPL,143.3,143.3,143.3,143.3,835,18,ACTIONABLE,3d574f69dc96d39eef957a73eebbbe790361292d47c692cfefe3108de0c14de2,90c6972ac5a5fe67b999451fd64fc462002b49e95a563a20f1cbcc72402f79b3,180.0,AFFIRM_POSITION_STATE_TRANSITION_PREDICATE_NOT_SATISFIED,1,1.0,0.5436301449965831,0.5366916078133216,0.29176173657400534,UPWARD,0.0022921335777583984,0.7674094256081181,0.7566806760196692,0.2766755745780824,0.31524788720401103,0.5793545189351398,HOLD,SHORT,SHORT,15,4,2
18,17,2022-09-30 04:25:00,AAPL,143.35,143.49,143.35,143.35,720,19,ACTIONABLE,3b9e31614c79a98ba9c7df56c46fe006c53e31e81988187748d8915e34f76ce7,9c8c4e23a44010721f3c49e98a0fbf7b852e2dfa30a9bbda4b908d4631433021,60.0,UPWARD_AND_PRIOR_DIRECTION_AGREEMENT_AND_C_GE_PRIOR_MEDIAN,1,1.0,0.6317170036186072,0.5585887060360851,0.3528699836323107,UPWARD,0.12932442502960334,0.7861670917827962,0.9394350942368629,0.34133911610485695,0.29096750092361245,0.559933651958805,BUY,SHORT,LONG,15,5,2
19,18,2022-09-30 04:26:00,AAPL,143.34,143.34,143.34,143.34,100,20,ACTIONABLE,7688d8dd516811df5ed38c336395a7718daf65ece6a837c5cdc6dcdb83716add,f83557a9fecd0c5728e0b0a4b1871662bb97b26c94f6ffdd970e62d04da9d22e,60.0,AFFIRM_POSITION_STATE_TRANSITION_PREDICATE_NOT_SATISFIED,1,1.0,0.5215218849735967,0.6495469884461857,0.3387529697933779,DOWNWARD,-0.05322033637114313,0.6604127738193061,0.7865495769291425,0.2730712928838856,0.319631717732736,0.3798780731025127,HOLD,LONG,LONG,15,4,2
20,19,2022-09-30 04:27:00,AAPL,143.3,143.3,143.3,143.3,200,21,ACTIONABLE,c9caf5620802afe926e208f82d4323aee346531081d15ef5e85724a91551748d,1ab2adf610423923570e55d3e5b564303280f677ff7878340192fe6e603fd78e,60.0,AFFIRM_POSITION_STATE_TRANSITION_PREDICATE_NOT_SATISFIED,1,1.0,0.5388789813066953,0.6439973587116162,0.3470366406267182,DOWNWARD,-0.09447561658889175,0.6379527727056736,0.5861857557816237,0.4184561386313283,0.34787838959428447,0.36402567955152804,HOLD,LONG,LONG,15,4,2
21,20,2022-09-30 04:30:00,AAPL,143.3,143.3,143.22,143.22,632,22,ACTIONABLE,45ba4653a2733765f550da650ce0d0465ff2f67c29699c9426c73aa2a274b918,0c91004d496aa34e79df6dcba55cdec17313d96714194820a34ac32257ec1f04,180.0,AFFIRM_POSITION_STATE_TRANSITION_PREDICATE_NOT_SATISFIED,1,1.0,0.5212035438151127,0.37125810740305276,0.19350104124856282,DOWNWARD,-0.046859101297101136,0.6820439578074767,0.45648118748480837,0.4547647875339657,0.37302671518760105,0.7801619532262232,HOLD,LONG,LONG,15,2,2
22,21,2022-09-30 04:32:00,AAPL,143.3,143.3,143.3,143.3,100,23,ACTIONABLE,e9cc5c77db7283fdf7d58ab1f957c539bb5dd822709542e7def9785cd1cade05,90a4a8af111d8512f5f05f01cd3b645bdfa6425d3384d1936d0d60e9537b47a1,120.0,AFFIRM_POSITION_STATE_TRANSITION_PREDICATE_NOT_SATISFIED,1,1.0,0.4863077270624964,0.5098703157688023,0.24795387435816355,UPWARD,0.09177712081585948,0.5837776449160716,0.5415134321198062,0.3638118300271726,0.38834164828260487,0.5749788453435666,HOLD,LONG,LONG,15,5,2
23,22,2022-09-30 04:33:00,AAPL,143.24,143.24,143.23,143.23,1121,24,ACTIONABLE,e37a50465ea0427a6fadcf99561b22a4b8b96d501afe46ad5883282713a9e1d6,9f0366099b89c0c9ea46a401f561e3bbcc2090109c8e21db375cbe800ad8a688,60.0,AFFIRM_POSITION_STATE_TRANSITION_PREDICATE_NOT_SATISFIED,1,1.0,0.5014725411664592,0.6125205363130923,0.3071622298615689,DOWNWARD,-0.2135029633535856,0.7536295562190444,0.5749323506178924,0.2910494640217381,0.37824754630282187,0.3965743035281872,HOLD,LONG,LONG,15,6,2
24,23,2022-09-30 04:36:00,AAPL,143.24,143.24,143.1,143.2,6283,25,ACTIONABLE,6c263120fb486fd87f1e5a423c535c047541e0fa910db923612256798f8dfe81,05ed53e6f6059214d56189cc5c1fe7da7e83567b5f49426938f01fbf9d484565,180.0,AFFIRM_POSITION_STATE_TRANSITION_PREDICATE_NOT_SATISFIED,1,0.2895059266790442,0.602624094680593,0.3582911195289055,0.06250863207339492,DOWNWARD,-0.0016021134130274617,0.9015768924654803,0.6879553177009895,0.3528389102057429,0.37653843784322844,0.7940971278338459,HOLD,LONG,LONG,15,6,2
25,24,2022-09-30 04:37:00,AAPL,143.2,143.24,143.19,143.24,7075,26,ACTIONABLE,4e56115dd499fe83bf95a5c86246face99832d2c639297013eb147e3bed2a44d,0ff3d6e2ecbbec3bceca58230e41d11b13f6302f602da8ba3e7b648f7bf55345,60.0,AFFIRM_POSITION_STATE_TRANSITION_PREDICATE_NOT_SATISFIED,1,1.0,0.580115784218473,0.5287154162110024,0.30671615830364196,UPWARD,0.14970771743729935,0.9029655690736399,0.7659605408030213,0.2822711281645943,0.3250279380181516,0.5858495379521487,HOLD,LONG,LONG,15,2,2
26,25,2022-09-30 04:38:00,AAPL,143.02,143.02,143.02,143.02,120,27,ACTIONABLE,70c9d9afa986b34dd28c987cb61e4b721922efd571a0a45a3fdd476a4998a4b9,cc273cdcd422ae7104f51b80587a3c3eeb74cbdc8a91be7d77610ec4dccec89c,60.0,AFFIRM_POSITION_STATE_TRANSITION_PREDICATE_NOT_SATISFIED,1,1.0,0.3513316954586891,0.5326210236498925,0.18712664727585926,DOWNWARD,-0.45276894815131963,0.5488598154075357,0.3498920809999135,0.22581690253167547,0.4852496796900252,0.4488878517588325,HOLD,LONG,LONG,15,5,2
27,26,2022-09-30 04:39:00,AAPL,143.15,143.19,143.15,143.19,1651,28,ACTIONABLE,0221c5a024076e68113707537c597a625350370364d5edec0c6b3a8d5db3b513,ac696c58fc6e525e5bcd1126c5dcfd6b68baf1f17771e5bc6668b5a3559232b9,60.0,AFFIRM_POSITION_STATE_TRANSITION_PREDICATE_NOT_SATISFIED,1,1.0,0.40830711107740414,0.4268314891984728,0.17427833227149467,UPWARD,0.48182497761686266,0.7228102636555122,0.5213028355580789,0.18065352202534038,0.5040666954270527,0.6326418925862072,HOLD,LONG,LONG,15,5,2
28,27,2022-09-30 04:40:00,AAPL,143.21,143.21,143.2,143.2,5244,29,ACTIONABLE,d6d714bedad475f7154b6df5aefada42bdd44bdb4899e4628aade4959583aaa5,92d979a070829abb68a263479023d8c19fec7ea7820860e82ab5c8a0d4159e11,60.0,AFFIRM_POSITION_STATE_TRANSITION_PREDICATE_NOT_SATISFIED,1,1.0,0.5848987065041515,0.47456156260970966,0.2775704441270081,DOWNWARD,-0.13116232567531377,0.849752947483186,0.6835007215564856,0.34451673738091426,0.38429400578780626,0.634226921901698,HOLD,LONG,LONG,15,1,2
29,28,2022-09-30 04:41:00,AAPL,143.2,143.29,143.2,143.2,5018,30,ACTIONABLE,803b899b242bf24e89cd4396b1487869b4fa150bab04c7d452ad1c9a7000560d,5ff6af9f1237612145472bdbc13415d187da613362b507a36febe405698ae219,60.0,DOWNWARD_AND_PRIOR_DIRECTION_AGREEMENT_AND_C_GE_PRIOR_MEDIAN,1,1.0,0.6491405201416589,0.5159962242678936,0.33495405741239254,DOWNWARD,-0.009646038221923225,0.8535133846092924,0.6738327415435605,0.4756129947551221,0.32713590214065064,0.604300327055973,SELL,LONG,SHORT,15,3,2
30,29,2022-09-30 04:42:00,AAPL,143.2,143.3,143.2,143.3,2243,31,ACTIONABLE,aaf2156449560123fd84e5bb301c8c106f1ea9a78e09b5971101faeb2ed1e58b,01ebe62637119a5a13b6072b37732264c16e01e54ec269dcc74286ba5c17c9c8,60.0,AFFIRM_POSITION_STATE_TRANSITION_PREDICATE_NOT_SATISFIED,1,1.0,0.7492470209125776,0.5682244448465968,0.42574047251101593,UPWARD,0.4633284080081241,0.8403939974100645,0.9999999910685874,0.5004862339751005,0.3075765715162722,0.5336971476712374,HOLD,SHORT,SHORT,15,3,2
31,30,2022-09-30 04:43:00,AAPL,143.3,143.3,143.3,143.3,200,32,ACTIONABLE,4e26081b69274e5c06d4f9d97eed3589a5da59bbed98156446ec80f79c26c857,f5cf0618a28c86147db880e5f7db3976061e274aa3c5a8dd5230526d720be897,60.0,DOWNWARD_AND_PRIOR_DIRECTION_AGREEMENT_AND_C_GE_PRIOR_MEDIAN,1,1.0,0.6592957225446903,0.5571997965503676,0.367359442468429,DOWNWARD,-0.12169112893479718,0.7159593238226245,0.9997014027187774,0.4003889871800804,0.3082413472710374,0.5511850671459303,SELL,SHORT,SHORT,15,1,2
32,31,2022-09-30 04:44:00,AAPL,143.3,143.32,143.3,143.32,1000,33,ACTIONABLE,d206415ca25c6a17c7543e552dc55707ac38fe4426a3a910323d7109e170a872,e1c0f766b656cdbe905a2be7154d85b32522abaeab4e41ed5e577a3650dfdad4,60.0,AFFIRM_POSITION_STATE_TRANSITION_PREDICATE_NOT_SATISFIED,1,1.0,0.6331683300804759,0.6761652347461468,0.42812641254269074,UPWARD,0.08995484619744125,0.7924747740463518,0.999999988697015,0.32031118974406436,0.27732717967042797,0.36734935669670293,HOLD,SHORT,SHORT,15,4,2
33,32,2022-09-30 04:46:00,AAPL,143.32,143.34,143.3,143.34,3921,34,ACTIONABLE,9e22b51ca3bdfe034d1a916d7990fe355659993c8d20ff707df49cf8b37ed3c2,557a704d5dec549e62eb9bfa120143c3b30422a3ec1f71c1ac4b7e0605b37853,120.0,AFFIRM_POSITION_STATE_TRANSITION_PREDICATE_NOT_SATISFIED,1,1.0,0.6930524685704577,0.40441402993451225,0.2802801417706407,UPWARD,0.026760305316544664,0.8847597096982742,0.9999953189673279,0.37624872751062116,0.2765174493235761,0.773939665227641,HOLD,SHORT,SHORT,15,2,2
34,33,2022-09-30 04:49:00,AAPL,143.34,143.34,143.34,143.34,100,35,ACTIONABLE,2d884f8055bd5d3b072b864376f870661060560e9b309f7f18facba3814dadd4,f926ec95ed12a3552ff2487dda79d4cf05585ef25d6bef82059c642710c5fc46,180.0,DOWNWARD_AND_PRIOR_DIRECTION_AGREEMENT_AND_C_GE_PRIOR_MEDIAN,1,1.0,0.5958474800914343,0.5553794566599581,0.330921449745386,DOWNWARD,-0.00464007663311336,0.7028363965676021,0.9999678811922971,0.30099898200849695,0.28103267786549074,0.570986981766879,SELL,SHORT,SHORT,15,1,2
35,34,2022-09-30 04:50:00,AAPL,143.3,143.3,143.3,143.3,100,36,ACTIONABLE,25f486cc6fd1694676a590804f9413a985c90d89cbd79fe965cfd471abce5d85,fb1013b8bdd9ed4427983bb79cba646d6f83f298f9f4fca2757a013c88bd711e,60.0,DOWNWARD_AND_PRIOR_DIRECTION_AGREEMENT_AND_C_GE_PRIOR_MEDIAN,1,1.0,0.607526942584446,0.5549398537077137,0.337140912641307,DOWNWARD,-0.19156776034837944,0.6832280607011829,0.9096366740435321,0.36079704496139486,0.3034877123728903,0.5578567001562941,SELL,SHORT,SHORT,15,1,2
36,35,2022-09-30 04:52:00,AAPL,143.37,143.4,143.37,143.4,545,37,ACTIONABLE,809ed0b327487ec62b1f35ac7e394c4abb55823e26ba4cc08fe67d0522d0852c,a57a3b4e620bab1cf65ab10050d82ed5442bdf69dca298a6a457c3bcfa5829cd,120.0,AFFIRM_POSITION_STATE_TRANSITION_PREDICATE_NOT_SATISFIED,1,1.0,0.6034945718126423,0.5088952893262333,0.3071155447294059,UPWARD,0.2174436155699075,0.761495164242459,0.9999999903660591,0.2886376359691159,0.3585647864803903,0.596257876025521,HOLD,SHORT,SHORT,15,5,2
37,36,2022-09-30 04:53:00,AAPL,143.47,143.5,143.43,143.5,2756,38,ACTIONABLE,b7b1344214312237c86bec8aacd4faa7d8bf219dccb6551e5285d6cdfa3cc8bc,0c492dd332b9760b96a37d62b26b239602e3ae6eab4de24157efaa4aef4a53ab,60.0,AFFIRM_POSITION_STATE_TRANSITION_PREDICATE_NOT_SATISFIED,1,1.0,0.7172817626598701,0.6598025618830594,0.47326434459497885,UPWARD,0.48216007775899017,0.856417102752173,0.9999999950699517,0.43090748383733535,0.2929505530154042,0.3842871633319684,HOLD,SHORT,SHORT,15,4,2
38,37,2022-09-30 04:55:00,AAPL,143.45,143.45,143.45,143.45,100,39,ACTIONABLE,9977435e83ea7baa534f0030cc106a586818911c632accadfd1ec3349a54e99e,668fbd460e39bf981ac39e7a259966b9ec971ab620d2b83698333eefd264861a,120.0,AFFIRM_POSITION_STATE_TRANSITION_PREDICATE_NOT_SATISFIED,1,1.0,0.6214499608969953,0.4895079639965283,0.30420470508441033,DOWNWARD,-0.16153265066769473,0.6992029269823108,0.9957291782367572,0.3447259870698683,0.40013171516626284,0.6005488990263249,HOLD,SHORT,SHORT,15,2,2
39,38,2022-09-30 04:57:00,AAPL,143.47,143.5,143.47,143.5,528,40,ACTIONABLE,4daa31e6283d5fd645c95078e6237a2cf931cb2989088d988b02b033dcb78ed1,9616385dbcfdc448b2bca2107ff66f764b6be1a2a5c038f2f7846d97cb7d4ede,120.0,AFFIRM_POSITION_STATE_TRANSITION_PREDICATE_NOT_SATISFIED,1,1.0,0.5891606905578797,0.6321101202372472,0.3724144349476009,UPWARD,0.11364512426310869,0.7415446055830277,0.9999999927873947,0.27578078965589464,0.3200433602941389,0.41236958244985733,HOLD,SHORT,SHORT,15,7,2
40,39,2022-09-30 04:58:00,AAPL,143.58,143.58,143.57,143.57,481,41,ACTIONABLE,10ca2b76a8c5d92725412136f7ee9e71671debf06adc6dde44bb87cfb96a8f82,7b29d05031519d5daecca84cbe8b4b517ab2d2c92d9f1cf971f21f7fb115bda8,60.0,UPWARD_AND_PRIOR_DIRECTION_AGREEMENT_AND_C_GE_PRIOR_MEDIAN,1,1.0,0.6821519260323454,0.6551587356199187,0.4469177933600437,UPWARD,0.3157165735071523,0.7546593468421586,0.9999999938610926,0.4206223799344862,0.28946162965660927,0.39590458900671377,BUY,SHORT,LONG,15,2,2
41,40,2022-09-30 04:59:00,AAPL,143.54,143.54,143.54,143.54,100,42,ACTIONABLE,a3927cfc6432d38b3e64e4428b217195b6a34d8c0e7523560a5b19e5c4403844,9b668e1052f567e9912b3ac7569c4303d85829657fa6236c862dc9331ff192f4,60.0,AFFIRM_POSITION_STATE_TRANSITION_PREDICATE_NOT_SATISFIED,1,1.0,0.616940901243971,0.516522126099282,0.31866362598814313,DOWNWARD,-0.28702690044205803,0.7012073414261261,0.9951805350268722,0.336497903947589,0.3253798916278389,0.6045254159501834,HOLD,LONG,LONG,15,1,2
42,41,2022-09-30 05:01:00,AAPL,143.41,143.41,143.41,143.41,100,43,ACTIONABLE,43861acc79c6a528f242bf23c5ffc0dafdaa34f916a89d8fe0021b975b4c0da6,2203ea075b293cf243874a1ce882df3053d2595139e756f13cc5d2a50c77f27b,120.0,AFFIRM_POSITION_STATE_TRANSITION_PREDICATE_NOT_SATISFIED,1,1.0,0.6421794168620688,0.5521236736053022,0.3545624587515962,DOWNWARD,-0.2821103809986295,0.691266822336382,0.9843587916249303,0.3891974683796236,0.30112977701529825,0.5638095014929727,HOLD,LONG,LONG,15,7,2
43,42,2022-09-30 05:02:00,AAPL,143.27,143.38,143.2,143.36,4778,44,ACTIONABLE,d85fff72b1c0c35ddf9d0ce3a5d21c78d0ee8e20f4bfe832b16629607cf4d09a,89c2feb80becb8f32f66006ce482b4bee59a2bb9306f0d599808a9c21f87943b,60.0,DOWNWARD_AND_PRIOR_DIRECTION_AGREEMENT_AND_C_GE_PRIOR_MEDIAN,1,1.0,0.7720090839803773,0.552980741966779,0.42690615606456245,DOWNWARD,-0.21788990037975936,0.904112524101141,0.9952230206102475,0.5113571505064785,0.27710937326814944,0.5769931305257351,SELL,LONG,SHORT,15,4,2
44,43,2022-09-30 05:03:00,AAPL,143.38,143.41,143.38,143.38,1650,45,ACTIONABLE,95d9c0ad46392a5997de9da9261ae3730406086c1e30196fbae45d55f629c5b7,b715b9b7e100c34f102e5fdf411a83cb6764107d7f9f07e895851bcbdaf7401a,60.0,AFFIRM_POSITION_STATE_TRANSITION_PREDICATE_NOT_SATISFIED,1,1.0,0.699495913785059,0.6641731907451114,0.46458643297179003,UPWARD,0.24132108303746008,0.8366450175614248,0.9999999912918132,0.40908572040518276,0.31140271895412114,0.3593845932203856,HOLD,SHORT,SHORT,15,5,2
45,44,2022-09-30 05:06:00,AAPL,143.4,143.4,143.4,143.4,200,46,ACTIONABLE,107bf80130c8f13e60ca8eef56922eae668367bb59518d2925e6d519c7949f20,0183bf6a4d1b294f43fa983c558dfbc5e0d8571e75ac5b5bf0fd02196d89cdda,180.0,AFFIRM_POSITION_STATE_TRANSITION_PREDICATE_NOT_SATISFIED,1,1.0,0.6849296335145714,0.40465082604908026,0.27715734198716513,UPWARD,0.02197300252651732,0.7184157898984861,0.9999859511438051,0.4472682822310165,0.29100716770942486,0.7690494408904059,HOLD,SHORT,SHORT,15,4,2
46,45,2022-09-30 05:07:00,AAPL,143.35,143.4,143.35,143.4,3811,47,ACTIONABLE,d9a88139ecefc518c191334b060a856cdfd4bd63487236d0b5b48db9ee28eb3e,5f625a504c5f05f47787fe586202c953aeba115110d3143f402d37d70238d52b,60.0,AFFIRM_POSITION_STATE_TRANSITION_PREDICATE_NOT_SATISFIED,1,1.0,0.6826698477553712,0.5633221917510116,0.3845630748798851,DOWNWARD,-0.019544385268470355,0.8891946411687952,0.9999475915071704,0.3578146257848132,0.27334815209681085,0.5632958305482199,HOLD,SHORT,SHORT,15,1,2
47,46,2022-09-30 05:08:00,AAPL,143.39,143.39,143.39,143.39,100,48,ACTIONABLE,87e5365c45908eca829c720f85dae5fa297baa4b17e8e16feffce165ab70458a,4cc658e12108f27310bd4bb9abe7c4a14a0747593362c13c160b65cb8ea6e0a1,60.0,AFFIRM_POSITION_STATE_TRANSITION_PREDICATE_NOT_SATISFIED,1,1.0,0.6581226914428993,0.5690287322105237,0.37449072075073064,DOWNWARD,-0.07584412270895209,0.7042466935842395,0.9963258375337973,0.4062509464268811,0.27629824213758225,0.5525868293625562,HOLD,SHORT,SHORT,15,4,2
48,47,2022-09-30 05:09:00,AAPL,143.39,143.39,143.39,143.39,398,49,ACTIONABLE,ad9fc6e5bf4398fde6bda3e35a0c435f94d9617948c3e1a29d404e493609b07a,74ad965d8d1785f4a8dc3bf8bd6fb00a65bb6e7643eba5fcba66388f33cea187,60.0,AFFIRM_POSITION_STATE_TRANSITION_PREDICATE_NOT_SATISFIED,1,1.0,0.7343820896672322,0.5507339440207463,0.4044491446606321,UPWARD,0.028010026169821955,0.7544464256580314,0.9999505658693204,0.5249999886663453,0.27584792276672815,0.5811544472046836,HOLD,SHORT,SHORT,15,2,2
49,48,2022-09-30 05:10:00,AAPL,143.39,143.39,143.39,143.39,442,50,ACTIONABLE,9d938494dda2daa52455a2a30374abe1366711b0b7aa13c51038715b80e80f8e,6fe5e4eb6184c34a8452ba39208b9f106062e80c99d428d9d32dd4970e19736d,60.0,DOWNWARD_AND_PRIOR_DIRECTION_AGREEMENT_AND_C_GE_PRIOR_MEDIAN,1,1.0,0.7784264284732115,0.5646881067372128,0.4395681461287482,DOWNWARD,-0.001175363158434195,0.7608190790966478,0.9999531182651459,0.6199999907100879,0.268950781317817,0.5638150623219736,SELL,SHORT,SHORT,15,2,2
50,49,2022-09-30 05:11:00,AAPL,143.4,143.4,143.32,143.32,409,51,ACTIONABLE,8f8bc78d46e33fbf9f7ae364f798ff72883fe7bd1b017f185e7bcefda50a9281,fa2adb5e2327c3ffb35946c3f7fa39f670185d425fa441c51dea526cea12f01d,60.0,AFFIRM_POSITION_STATE_TRANSITION_PREDICATE_NOT_SATISFIED,1,1.0,0.5081090760457577,0.49786058457361604,0.25296748162730087,DOWNWARD,-0.5158216907501236,0.6214783345752555,0.3426639598422268,0.6159939333308788,0.45025417315752625,0.549127706715622,HOLD,SHORT,SHORT,15,3,2
51,50,2022-09-30 05:13:00,AAPL,143.36,143.4,143.36,143.4,250,52,ACTIONABLE,75bafd9fd61a2e121b83f3e181731bd464fc28c025c82be85bac4ac9a097ab5e,f498a9dda3930193732574875748e4d089aadea038829e57e84563b6703b56bd,120.0,AFFIRM_POSITION_STATE_TRANSITION_PREDICATE_NOT_SATISFIED,1,1.0,0.7009472181683373,0.5097462770972828,0.3573052349030068,UPWARD,0.3353585988815151,0.6988589531905237,0.9999999866101117,0.4927951466647031,0.40791631443752085,0.5611409782931431,HOLD,SHORT,SHORT,15,1,2
52,51,2022-09-30 05:15:00,AAPL,143.31,143.31,143.31,143.31,444,53,ACTIONABLE,c24326185cd922aef17eeca87c1f493d59d458cb618ad8628794905ab02cff39,4713611f4fa1fe2e73f749eec2209e0d99a1d7593258b04d3e47cc171cecf82a,120.0,AFFIRM_POSITION_STATE_TRANSITION_PREDICATE_NOT_SATISFIED,1,1.0,0.38650046102712016,0.42156101156377623,0.16293352532045866,DOWNWARD,-0.24407129969804953,0.5727587717610344,0.2556947969441888,0.3942361173317625,0.5494129087912342,0.6055952557497125,HOLD,SHORT,SHORT,15,8,2
53,52,2022-09-30 05:16:00,AAPL,143.31,143.38,143.3,143.38,2257,54,ACTIONABLE,8f9b850260004612c4932c700332a98a8879820f0c565dab00e55dc56e78b83a,a7d346f90e640851d60291bc798a69ef856d7c928affb3f1580c4b388e5fc814,60.0,AFFIRM_POSITION_STATE_TRANSITION_PREDICATE_NOT_SATISFIED,1,1.0,0.6394496455057226,0.5104022057844902,0.32637650955423114,UPWARD,0.6726773565340614,0.8290346070071831,0.9999999927315391,0.31538889386541,0.37751495015346526,0.5814993280016951,HOLD,SHORT,SHORT,15,4,2
54,53,2022-09-30 05:17:00,AAPL,143.31,143.31,143.2,143.2,6127,55,ACTIONABLE,390a7c162d565451e1c7260b7bb89336f88f2de925624044f4589e685d07899f,50803145fcae519d106cbc0e048adf280182d18735b00a1883719d983ed0c8b5,60.0,AFFIRM_POSITION_STATE_TRANSITION_PREDICATE_NOT_SATISFIED,1,1.0,0.3457838957576314,0.3678921029766991,0.1272111645857507,DOWNWARD,-1.060163162553941,0.8220022164103826,0.19934480273291494,0.252311115092328,0.5905350358834688,0.6694598774167649,HOLD,SHORT,SHORT,15,7,2
55,54,2022-09-30 05:19:00,AAPL,143.22,143.22,143.06,143.06,6303,56,ACTIONABLE,bd2d7bf09fd9e75e0ec4d6f5830c194bdbf54b3db3921355b240143902888f15,8a53e915d7a538559a43dc5af5f256619034bd05fc727fbf25b5f5cdcf9bec45,120.0,AFFIRM_POSITION_STATE_TRANSITION_PREDICATE_NOT_SATISFIED,1,1.0,0.26544638196437037,0.2366891430678969,0.06282827667762046,DOWNWARD,-0.16839244773473627,0.7496575824432545,0.07752172725984123,0.3218429884165855,0.5970557137959297,0.8609689915845009,HOLD,SHORT,SHORT,15,7,2
56,55,2022-09-30 05:20:00,AAPL,143.06,143.06,143.0,143.0,400,57,ACTIONABLE,9f53165ed3820e6afea47c150f0e223931a38a2d995222caafd49fedd4753a17,1dd03ffd6fb2bb28ded5e4b43c631ec1aaadcf2f19b6bd9a5ae38fce3d821ec6,60.0,AFFIRM_POSITION_STATE_TRANSITION_PREDICATE_NOT_SATISFIED,1,1.0,0.50175792112647,0.31277433835377255,0.15693700179409606,DOWNWARD,-0.056367096090882196,0.5795047395065949,0.577486805919544,0.377471053790503,0.3749985055517951,0.8434759154951951,HOLD,SHORT,SHORT,15,1,2
57,56,2022-09-30 05:21:00,AAPL,143.05,143.05,143.04,143.04,1139,58,ACTIONABLE,1f0b7ab0a82a73305136a58d4502827188a219f17de67dec81ec9cdb56e4a6d5,5c33d8f966dae20022cd509bb9ab7a3aef9e2535cf878b0dc5c89edc7fc1c2b8,60.0,AFFIRM_POSITION_STATE_TRANSITION_PREDICATE_NOT_SATISFIED,1,1.0,0.40100472030849943,0.41461812078049887,0.1662638235584196,UPWARD,0.41632007463293075,0.6559330473291535,0.3255482025087142,0.3019768430324024,0.4768603100446529,0.67139142875161,HOLD,SHORT,SHORT,15,5,2
58,57,2022-09-30 05:22:00,AAPL,143.1,143.1,143.1,143.1,968,59,ACTIONABLE,f41c5762fa05299032b952218c831bc584ef4cb2fa01247226ca1b909f68ffbc,2bc4095d45bc66f019074ef66b38ea4eb52ef0ae67140a90c4a1ba77dd605bd4,60.0,AFFIRM_POSITION_STATE_TRANSITION_PREDICATE_NOT_SATISFIED,1,1.0,0.35289152335681256,0.46313564401158375,0.16343664293608623,UPWARD,0.35083081620911416,0.5884004286780358,0.20655951352975588,0.3615809129121341,0.41585478856542146,0.6328059863278588,HOLD,SHORT,SHORT,15,5,2
59,58,2022-09-30 05:23:00,AAPL,143.05,143.05,143.01,143.01,998,60,ACTIONABLE,d1cb33479ff47796dc3b7938ce9f75e09e6ccf23659242cb81ccbccd394a65f4,11427aca1b587fb97d8058a9f268b2d3134586565125ca2e6d776b61b5a58da3,60.0,AFFIRM_POSITION_STATE_TRANSITION_PREDICATE_NOT_SATISFIED,1,1.0,0.39623924901388,0.4975049221382715,0.19713097672877755,DOWNWARD,-0.4265725622069405,0.6391682330345551,0.33648197887961834,0.2892647303297073,0.5195595829800186,0.4848244677518177,HOLD,SHORT,SHORT,15,7,2
60,59,2022-09-30 05:24:00,AAPL,143.05,143.05,143.05,143.05,330,61,ACTIONABLE,659142340e9c66b4d9488a2694289be9e2d565b80f7d2a522befbace479ed87f,3062109555ee90b38ec1eae69fd22e5c5eb3e3a13554d3771e27b10f5fa47328,60.0,AFFIRM_POSITION_STATE_TRANSITION_PREDICATE_NOT_SATISFIED,1,1.0,0.3750840359451107,0.41466700747722063,0.1555349747378373,UPWARD,0.3318058942333397,0.5529613329102419,0.4123875135133037,0.23141178426376585,0.4844942732215055,0.666446523951038,HOLD,SHORT,SHORT,15,2,2
61,60,2022-09-30 05:25:00,AAPL,143.21,143.21,143.2,143.2,1730,62,ACTIONABLE,8c728913ebe0f60de8d7f7be96967f655d7fb4fbc80ddcb37277b33e352ea9b2,528fa3690bb5e157d4ad0e94ed4682e7501cbef63dd9be2804815ebe37efb8af,60.0,AFFIRM_POSITION_STATE_TRANSITION_PREDICATE_NOT_SATISFIED,1,1.0,0.4514661214556563,0.46284974259789796,0.20896097810742184,UPWARD,0.780250491365281,0.7005550232711296,0.43048720403042856,0.3051216325451041,0.45232898449210246,0.608834723480357,HOLD,SHORT,SHORT,15,4,2
62,61,2022-09-30 05:26:00,AAPL,143.19,143.2,143.19,143.2,333,63,ACTIONABLE,e4ed47c45b69fe6912a91f92128b1558475d7bfee418f8567089548d983afd6b,c7824adb3c2ad553dc78298ea176720b29e773b81949e5ed6940e6c0f9972df7,60.0,AFFIRM_POSITION_STATE_TRANSITION_PREDICATE_NOT_SATISFIED,1,1.0,0.3147755511784407,0.39325187147843194,0.12378607459657673,DOWNWARD,-0.15851543715761535,0.5045983685056293,0.13918454763503865,0.4440850110355101,0.5611162069593586,0.6476355771766479,HOLD,SHORT,SHORT,15,2,2
63,62,2022-09-30 05:27:00,AAPL,143.2,143.2,143.1,143.2,10909,64,ACTIONABLE,911fa560137531cd48f19da50a42b593b23b831d221493b871117f870939cffd,03e242a5e81178dfed5d4cbb2d25ffb9b95628ac4fb2cba72ec0f46b9f349ac5,60.0,AFFIRM_POSITION_STATE_TRANSITION_PREDICATE_NOT_SATISFIED,1,1.0,0.6864702318207343,0.5219387847998557,0.3582954385977893,UPWARD,0.008769994582746077,0.8850766752686083,0.6582359271871034,0.5552680038893634,0.32599290353542565,0.5958201382340068,HOLD,SHORT,SHORT,15,1,2
64,63,2022-09-30 05:28:00,AAPL,143.21,143.21,143.21,143.21,250,65,ACTIONABLE,3f92da06ff1f982e982117b7ede0dc3515c610058cefbe9adc22ecf048943c22,f12a5a5a8951c205e5557e6567391e11a7897962924f3366e1b94f6369b36614,60.0,AFFIRM_POSITION_STATE_TRANSITION_PREDICATE_NOT_SATISFIED,1,1.0,0.3717459721151382,0.5045833505844138,0.1875768281761165,UPWARD,0.07600027992947017,0.5267305061687577,0.17286490700933732,0.5642135427276499,0.4257237156163839,0.5566517987761479,HOLD,SHORT,SHORT,15,6,2
65,64,2022-09-30 05:29:00,AAPL,143.37,143.38,143.37,143.38,439,66,ACTIONABLE,1784817334b72011ba7d6af7478c16f169fa3d59207b2ee1f732be60be0f6e0c,5124971f97a89c4251b2ea1a15a388adc95a721400ca2e540782cae57e1b6c36,60.0,UPWARD_AND_PRIOR_DIRECTION_AGREEMENT_AND_C_GE_PRIOR_MEDIAN,1,1.0,0.7440931133512053,0.5013326517503025,0.3730381736654982,UPWARD,1.3639173422145006,0.7210655110613825,0.9999999926915422,0.5713564507237777,0.4094438424996934,0.5744106220569556,BUY,SHORT,LONG,15,6,2
66,65,2022-09-30 05:32:00,AAPL,143.25,143.25,143.2,143.2,7090,67,ACTIONABLE,5d6b42f088f849340c840a058ac64c93b25f1379ba9444cd669d12a6598c7bf1,40027510204b8b98323b7c77bb8c055948867d4708f1efa4b0a47a173cf6f475,180.0,AFFIRM_POSITION_STATE_TRANSITION_PREDICATE_NOT_SATISFIED,1,1.0,0.6091955207127724,0.42873138673860905,0.26118124039013596,DOWNWARD,-0.4180761447906788,0.8557929932588378,0.5779686148593971,0.4570851605790222,0.5436607890092123,0.5972062063750173,HOLD,LONG,LONG,15,4,2
67,66,2022-09-30 05:34:00,AAPL,143.3,143.3,143.29,143.3,335,68,ACTIONABLE,c48258d27cbc2bd244d7435f03de41799b3393824063236c994ab5cbf0f1122e,50bf19600c9dee6bdaa591265cb50e5086c85565e9f2c762896578a17cf363d1,120.0,UPWARD_AND_PRIOR_DIRECTION_AGREEMENT_AND_C_GE_PRIOR_MEDIAN,1,1.0,0.6282082329820742,0.4950313947911804,0.310982797792419,UPWARD,0.36702595633981183,0.677990748599625,0.9999999871511249,0.3656681284632178,0.410206706215549,0.5845051403408106,BUY,LONG,LONG,15,5,2
68,67,2022-09-30 05:35:00,AAPL,143.3,143.3,143.3,143.3,1015,69,ACTIONABLE,a0d6204f8eeaca417541b25c9b115576474b6e4c70adefda75366a226b99c35d,12eb2a72ca5b7b0d3848eb7d6031de6cb94d3d463372873430945f788b405630,60.0,AFFIRM_POSITION_STATE_TRANSITION_PREDICATE_NOT_SATISFIED,1,1.0,0.6075610285591334,0.5348004442140009,0.3249239079605398,DOWNWARD,-0.1288308583114131,0.7668374000437358,0.9997452375125142,0.29253450277057425,0.31441413527360446,0.5828217443694897,HOLD,LONG,LONG,15,4,2
69,68,2022-09-30 05:37:00,AAPL,143.29,143.29,143.2,143.2,2902,70,ACTIONABLE,99b3049706c45c845e7d56a78f535c5c5273ada638ff59a607e4e6c69297183c,8dd655f092dfcbd72e7510b928cea7c60f321886784e44897dc6ecd52d8409d3,120.0,AFFIRM_POSITION_STATE_TRANSITION_PREDICATE_NOT_SATISFIED,1,1.0,0.4818210897457642,0.45374053656775004,0.2186217597909011,DOWNWARD,-0.3262199919837545,0.7648775094739939,0.4130774893868793,0.3540250532307593,0.4759257928230269,0.6071539646383197,HOLD,LONG,LONG,15,2,2
70,69,2022-09-30 05:38:00,AAPL,143.1,143.1,143.04,143.04,410,71,ACTIONABLE,e34bbc64fcfe34c99ca3f3824084ec79e9adc258fa4aca69c409d6a7f23338fb,473aabf337e6af7ba594190331990cbe606991e41a0f2854d369923ee99f0ecb,60.0,AFFIRM_POSITION_STATE_TRANSITION_PREDICATE_NOT_SATISFIED,1,1.0,0.516255508716498,0.545702895067555,0.2817221257011663,DOWNWARD,-1.003001886964663,0.5878580921102425,0.4843795092607847,0.48320991034875377,0.46792676478066697,0.4403183058769077,HOLD,LONG,LONG,15,4,2
71,70,2022-09-30 05:41:00,AAPL,143.03,143.03,143.03,143.03,263,72,ACTIONABLE,9093e9b8a057f79722c9d9c2df4039c001fc3ac76be20e21f0de7c17bcb9ba63,2dffe7253b5da1b1332d63f92b3c004701fdc1831a323dd64cdd74a9495c587e,180.0,AFFIRM_POSITION_STATE_TRANSITION_PREDICATE_NOT_SATISFIED,1,1.0,0.4874988567860468,0.3991495915491355,0.1945849695668211,UPWARD,0.08011691075010297,0.5767017031450891,0.5196892710743942,0.38656792827900305,0.5334850318305931,0.6584881358490791,HOLD,LONG,LONG,15,4,2
72,71,2022-09-30 05:43:00,AAPL,143.05,143.05,143.02,143.03,1088,73,ACTIONABLE,50ef3ec689685e77d4ce6a2490c87c84aaf70a844ee47275ac2a46c078440548,d9634a239b9aa1e3222f3236ca108ede3fe1459b785306a1362e05da09872f96,120.0,AFFIRM_POSITION_STATE_TRANSITION_PREDICATE_NOT_SATISFIED,1,1.0,0.40807757382542015,0.4681615162293012,0.1910462157012833,UPWARD,0.048293950030612764,0.5918744030779929,0.26747561246754253,0.4292540846528355,0.40852886413415684,0.6294405728569122,HOLD,LONG,LONG,15,1,2
73,72,2022-09-30 05:44:00,AAPL,143.04,143.05,143.04,143.04,300,74,ACTIONABLE,8156faaced4a4607a79f780ba1935c9f419a50be54a1d96df657f43acf500ae9,311f7310b35a8e96c6f7288360927f80073ea6073046454ee20967eca50b3645,60.0,UPWARD_AND_PRIOR_DIRECTION_AGREEMENT_AND_C_GE_PRIOR_MEDIAN,1,1.0,0.4832659075990297,0.4883670786252036,0.23601115949329574,UPWARD,0.16027074442076406,0.5768405304128779,0.42222597656504757,0.46340184576215654,0.3838186749528133,0.6129347096544163,BUY,LONG,LONG,15,2,2
74,73,2022-09-30 05:45:00,AAPL,143.04,143.04,143.04,143.04,200,75,ACTIONABLE,696bee5e772ccd7e24b69d7fee29c3192bfdfc7a1cc2d87ff01132b738dbdb57,3c49dbe918f86ff3412993be7572066f7ec9c4619d0bef991fe7da48401a0486,60.0,UPWARD_AND_PRIOR_DIRECTION_AGREEMENT_AND_C_GE_PRIOR_MEDIAN,1,1.0,0.5276729950671791,0.47575601789427824,0.25104360288350824,UPWARD,0.035016444552784076,0.5730324355246195,0.44925409643339353,0.5707203457024671,0.37562086073596707,0.6374898289692761,BUY,LONG,LONG,15,5,2
75,74,2022-09-30 05:46:00,AAPL,143.14,143.15,143.14,143.15,200,76,ACTIONABLE,286f8584b064ca0898088bb3513faf6369d7b34fce628a8486182670e43db8b4,f2f6786244b3a36c370728fc32a954721616ec1638f1001d184e5ba47f9a6ffe,60.0,AFFIRM_POSITION_STATE_TRANSITION_PREDICATE_NOT_SATISFIED,1,1.0,0.2472049396176976,0.43709207157159474,0.10805131916023043,UPWARD,0.6659339620554999,0.4792053037936991,0.05467645410986768,0.5765665935026705,0.5485811296351982,0.5767800338600008,HOLD,LONG,LONG,15,3,2
76,75,2022-09-30 05:49:00,AAPL,143.16,143.16,143.16,143.16,150,77,ACTIONABLE,e4190896e9fa2d57ce61a0d5d49e4e20f62da18e47ba18ec530858a5a41ebb80,a650ecc6735d1e2b9cd3758242249c2db8ae4edba6618443cfa64d7b730041d6,180.0,AFFIRM_POSITION_STATE_TRANSITION_PREDICATE_NOT_SATISFIED,1,1.0,0.3056723025245069,0.39525363507246297,0.12081808871378094,DOWNWARD,-0.032225679693649756,0.4316558342546183,0.10006105686999262,0.6612498159866538,0.595565186328814,0.6137191192323759,HOLD,LONG,LONG,15,4,2
77,76,2022-09-30 05:50:00,AAPL,143.15,143.15,143.15,143.15,100,78,ACTIONABLE,be16f0c447f75afc305f09126c17dcf3b158d93b20a68f5ab4503c72c10fab29,665498cbd8de79e03fae0254f0dfa5329e24f74753e35f6670601153a80d26ba,60.0,AFFIRM_POSITION_STATE_TRANSITION_PREDICATE_NOT_SATISFIED,1,1.0,0.21750007461876994,0.5843905013846928,0.12710497765767106,DOWNWARD,-0.06808092531599885,0.39372000122803863,0.04940093876498871,0.528999852789323,0.45461954084670336,0.3738091411656909,HOLD,LONG,LONG,15,1,2
78,77,2022-09-30 05:52:00,AAPL,143.15,143.15,143.15,143.15,200,79,ACTIONABLE,bb651fcf0273e31d99ad2f73e35cd976d5702b16f990b54b896e5be56f0434f1,426a9365bf1fff9b5ed36f7d43a01d001e2310406252871afb667afbe5084ba8,120.0,AFFIRM_POSITION_STATE_TRANSITION_PREDICATE_NOT_SATISFIED,1,1.0,0.24836144739412272,0.47363179316996024,0.11763187768356509,UPWARD,0.010946678584800307,0.46549749295134585,0.07776598226440253,0.42319988223145844,0.45515331930944003,0.5882748607056373,HOLD,LONG,LONG,15,2,2
79,78,2022-09-30 05:55:00,AAPL,143.1,143.1,143.1,143.1,100,80,ACTIONABLE,f955c43c23aed597816587e7257137a00edb5e0ef5ab5b56bc4a0d755306bc57,098547fea0a86ff824d2346573a546a8d887d592eaf1fa6b083aebf1c509ec43,180.0,AFFIRM_POSITION_STATE_TRANSITION_PREDICATE_NOT_SATISFIED,1,1.0,0.3883203639786302,0.5720119087028557,0.22212387258760388,DOWNWARD,-0.0911862658449889,0.5052509518168549,0.3423164996896485,0.33855990578516676,0.43586704219357264,0.4199990992014398,HOLD,LONG,LONG,15,5,2
80,79,2022-09-30 05:56:00,AAPL,143.06,143.06,143.06,143.06,144,81,ACTIONABLE,8afceb367db3aef59ab9f90100ff73957ddb39b7665d2c67235e1ac3d2786628,979424e3666a5d31a5bcd762377b671cf5ce3fbba262f194bc09ef093c1b9fc4,60.0,AFFIRM_POSITION_STATE_TRANSITION_PREDICATE_NOT_SATISFIED,1,1.0,0.4739241973611563,0.6025892779438978,0.2855816398880005,DOWNWARD,-0.251966941595408,0.54343954961598,0.41600310257007456,0.4708459491882522,0.3909499072364734,0.40380300043081535,HOLD,LONG,LONG,15,6,2
81,80,2022-09-30 05:57:00,AAPL,143.03,143.03,143.03,143.03,100,82,ACTIONABLE,86785b54c1c8567ae07938a299c4fa659d35e996d37bb4d9b6af0dea9fc05d94,00c407e7ae82d4096a131e5fd01b52b70e747b8168ae4e3c727b29c0dda452b7,60.0,AFFIRM_POSITION_STATE_TRANSITION_PREDICATE_NOT_SATISFIED,1,1.0,0.5262514772268982,0.3528319347369993,0.18567832686817043,DOWNWARD,-0.10174989234153409,0.5675999086285244,0.516969641968428,0.49667537254366617,0.36568848872323345,0.8037393741764592,HOLD,LONG,LONG,15,2,2
82,81,2022-09-30 05:58:00,AAPL,143.03,143.03,142.89,142.89,868,83,ACTIONABLE,cb31c321fe11f03ec4a0b10d679de4714d18a0cc836df1491b159d88c628e779,402fddfadfc175a92afe89c034bc66e7b99fc3ba6b407b5ea69d9983eacea294,60.0,DOWNWARD_AND_PRIOR_DIRECTION_AGREEMENT_AND_C_GE_PRIOR_MEDIAN,1,1.0,0.5509257396259833,0.5379012451967305,0.2963436413557462,DOWNWARD,-0.9430398182087054,0.6794596760038714,0.4120033967430472,0.5973305210046996,0.478347561359811,0.4453438186957952,SELL,LONG,SHORT,15,4,2
83,82,2022-09-30 06:01:00,AAPL,143.03,143.03,143.0,143.0,1535,84,ACTIONABLE,22825daac1b6e1b48797e64c5de41187daa20d1313bb9dea3654865e54fea3e3,b19d6e668d0939d15f04e51c9b2ac422ffc0e3611f77b8721a19cfa9372a0797,180.0,AFFIRM_POSITION_STATE_TRANSITION_PREDICATE_NOT_SATISFIED,1,1.0,0.2060837882716345,0.36416738000816684,0.07504899323703892,UPWARD,0.2403706034758587,0.6240312968375786,0.02935083243218115,0.47786441680375974,0.6311048002275242,0.6404998472633756,HOLD,SHORT,SHORT,15,8,2
84,83,2022-09-30 06:02:00,AAPL,143.17,143.17,143.17,143.17,100,85,ACTIONABLE,ce9c485b92f42aad4b899e3fb235d8adb86b3a43ee88fc681186d0fb6d606670,9b4bbed763de059fe1ae6397ce113ae5315581201bb789531ea87adfa69ad822,60.0,AFFIRM_POSITION_STATE_TRANSITION_PREDICATE_NOT_SATISFIED,1,1.0,0.6787260729844683,0.5179363051871154,0.35153687447573595,UPWARD,1.319056846602298,0.6224998328744398,0.9999999796223816,0.5022782447988098,0.4018100926471143,0.5515504141185229,HOLD,SHORT,SHORT,15,6,2
85,84,2022-09-30 06:03:00,AAPL,143.24,143.24,143.18,143.18,240,86,ACTIONABLE,ff180c78a508c96ed0cfbb4cd483a1952fbda0c94b439c438fb5844666b03f04,a4bde82fdc0f1caf38bb1d16bedb42dc0bb3783544e6257309e3be14b901e609,60.0,AFFIRM_POSITION_STATE_TRANSITION_PREDICATE_NOT_SATISFIED,1,1.0,0.7187888347025696,0.36605378944638817,0.2631153767546291,DOWNWARD,-0.349465438283202,0.7122379895100392,0.9992394362046956,0.5218062384809944,0.41403791580633437,0.7713241515405389,HOLD,SHORT,SHORT,15,1,2
86,85,2022-09-30 06:04:00,AAPL,143.24,143.25,143.24,143.25,522,87,ACTIONABLE,45abce181be73380c2fa633336fd727f308e6751f3e9824a8c175b39d7112c9c,d9b93dce3e0bc8b6d9e4c228d619b17c1d2242747d594301dc0f57991b65aff5,60.0,UPWARD_AND_PRIOR_DIRECTION_AGREEMENT_AND_C_GE_PRIOR_MEDIAN,1,1.0,0.7749932062854329,0.6569920494536802,0.5091643749101453,UPWARD,0.7823620012678125,0.7538760498296639,0.9999999930113398,0.617438552453115,0.3299663679913176,0.3557956908053331,BUY,SHORT,LONG,15,4,2
87,86,2022-09-30 06:05:00,AAPL,143.26,143.3,143.26,143.3,2146,88,ACTIONABLE,9ee9d3242cfcbe0068012d38c85cd05e78e8923c092c45f5c621f6f9f048d75b,58d9bfbf3ce6b68d1e6f5121261b8815aefc9f9f035fdf661727891b4332765d,60.0,UPWARD_AND_PRIOR_DIRECTION_AGREEMENT_AND_C_GE_PRIOR_MEDIAN,1,1.0,0.8099896733017667,0.3957915477015425,0.32058706641837303,UPWARD,0.2752597409970907,0.8656097953159797,0.9999643882652887,0.613948227689646,0.292856391398724,0.7784736405355672,BUY,LONG,LONG,15,2,2
88,87,2022-09-30 06:06:00,AAPL,143.25,143.25,143.25,143.25,100,89,ACTIONABLE,998dc6af6f5277cce7e92cd059513333c987ae636e1fd4381b185301d8b09b20,475ec6b68d88464356314321004aef4ff783e5aa56726d4c71bf5f82c93f2848,60.0,AFFIRM_POSITION_STATE_TRANSITION_PREDICATE_NOT_SATISFIED,1,1.0,0.6978686901272715,0.51324011520709,0.3581742069203418,DOWNWARD,-0.6586360980211095,0.7020861195337603,0.9856188900734377,0.4911585821517168,0.37812040215690185,0.5764205534778657,HOLD,LONG,LONG,15,5,2
89,88,2022-09-30 06:07:00,AAPL,143.13,143.15,143.11,143.15,930,90,ACTIONABLE,66c2518798b536a224a4ad0ca09c24c4056a189592405957334a255bfacccc4a,a566df6cf611f39657ae812842dfd2a3af3a24efaf1a466b7ac3acdceeabee9a,60.0,DOWNWARD_AND_PRIOR_DIRECTION_AGREEMENT_AND_C_GE_PRIOR_MEDIAN,1,1.0,0.6130792236258522,0.5204906492206752,0.31910200312872733,DOWNWARD,-0.8960834442355167,0.7320775155047826,0.6136800650905577,0.5129212736728678,0.39230750907978834,0.5541980196004598,SELL,LONG,SHORT,15,5,2
90,89,2022-09-30 06:08:00,AAPL,143.21,143.21,143.16,143.17,812,91,ACTIONABLE,be64b754a64db2b7da2bd9202a3ba2d06dee1a450a8f8d3ddd20904a9f9cd8c2,1e9cb57fbe6988999ba4ddaa39c95875fd68a530da150ee5bfd996701ab38582,60.0,AFFIRM_POSITION_STATE_TRANSITION_PREDICATE_NOT_SATISFIED,1,1.0,0.666116496436578,0.4996011028033024,0.3327925362151864,UPWARD,0.4673928653427044,0.7762845616341675,0.9278738155330578,0.4103370189382942,0.4225073731726704,0.5677845043779117,HOLD,SHORT,SHORT,15,2,2
91,90,2022-09-30 06:09:00,AAPL,143.25,143.25,143.25,143.25,309,92,ACTIONABLE,1361c63874cbc25acfe6f319c543a4cdc206cbd1f122d34a2c27c2af32c66a7f,c8fa1cb8aea19900342fa1c26bf6a51dfbe72f0c89167cc902b60c7a2e87ad8b,60.0,AFFIRM_POSITION_STATE_TRANSITION_PREDICATE_NOT_SATISFIED,1,1.0,0.6870964455883001,0.5263045079325129,0.3616219566975289,UPWARD,0.8398363190195949,0.7236373560976194,0.9999999921569155,0.44826221306321723,0.3396909797214645,0.5805048446055753,HOLD,SHORT,SHORT,15,5,2
92,91,2022-09-30 06:11:00,AAPL,143.3,143.3,143.3,143.3,1180,93,ACTIONABLE,a7eb87a4b735072c8d5db2fa9d1c3d89395ee38b29939ee6a0a4c7e715429ed9,3e9a24644d0e5b112e98c8bfcea829a959e16dcc9a4772fdd7ad060409971d30,120.0,AFFIRM_POSITION_STATE_TRANSITION_PREDICATE_NOT_SATISFIED,1,0.9993379626300889,0.7340401309018529,0.3418990978050749,0.2508015085394912,UPWARD,0.07916279246807312,0.8264262256063842,0.9999469162196737,0.4786062614640433,0.3994643681775159,0.8053487805125311,HOLD,SHORT,SHORT,15,4,2
93,92,2022-09-30 06:12:00,AAPL,143.29,143.3,143.29,143.3,308,94,ACTIONABLE,c89a976d8d104068e4039eef696a3d4a4e150b2531632423799433ba77dd24f2,564d6760699e6813d66518bf7ab9855602e30550c1a2ba7606b417a6380c365f,60.0,AFFIRM_POSITION_STATE_TRANSITION_PREDICATE_NOT_SATISFIED,1,1.0,0.6531229179339816,0.5264575202200682,0.34384147177441904,DOWNWARD,-0.15265888251618642,0.7285183701615154,0.9987939420921182,0.38288500917123464,0.3020295653665687,0.6029093685869021,HOLD,SHORT,SHORT,15,5,2
94,93,2022-09-30 06:13:00,AAPL,143.25,143.25,143.25,143.25,600,95,ACTIONABLE,6c6ea5ecb15714d0b75d079251cd74a6aee24387f4320de57ccddc3bf9b3731d,3b17d0ff4ff0e076cb2c2ab53ce588701f1b94b8bffe4d1b69287242afdf4104,60.0,DOWNWARD_AND_PRIOR_DIRECTION_AGREEMENT_AND_C_GE_PRIOR_MEDIAN,1,1.0,0.6921550341966544,0.5344538343458742,0.3699249119882016,DOWNWARD,-0.6202398273648448,0.7872949164303693,0.9879959860128322,0.4263021456458536,0.3263238042434357,0.5759967431738902,SELL,SHORT,SHORT,15,2,2
95,94,2022-09-30 06:14:00,AAPL,143.26,143.3,143.26,143.3,2210,96,ACTIONABLE,0ede5e9c5baf94d560e808776065dcdd604f3954d4f7cdf94a1395c4518a2316,1e9f3cea910b1fbb44e7d58113a61df3a644d3a5ce6a12bfc11d4bf19600f986,60.0,AFFIRM_POSITION_STATE_TRANSITION_PREDICATE_NOT_SATISFIED,1,1.0,0.6678089887682759,0.5914665648977073,0.39498668859458375,UPWARD,0.6711032444473076,0.8732714814110215,0.9999999956903031,0.3410417165166829,0.39333275971954995,0.4233532418362111,HOLD,SHORT,SHORT,15,5,2
96,95,2022-09-30 06:15:00,AAPL,143.28,143.29,143.28,143.28,372,97,ACTIONABLE,7ff1fad9a3c373410e9323a876c3a915c3fc12945c5033f699613b010f2495a3,179b43275f9ad2cddfc238531d2a035d12e2d982086728796bd4122e4c0b8df4,60.0,AFFIRM_POSITION_STATE_TRANSITION_PREDICATE_NOT_SATISFIED,1,1.0,0.5853797397646877,0.4971582872560803,0.29102638881582216,DOWNWARD,-0.36840414452344683,0.739241890144433,0.9945554473380664,0.27283337321334633,0.3562791263616296,0.6160348798534496,HOLD,SHORT,SHORT,15,1,2
97,96,2022-09-30 06:16:00,AAPL,143.34,143.34,143.34,143.34,962,98,ACTIONABLE,41560bcdc8eeee33cea578408aecfc0d1dfa40d22d1e7afca1bd327d6222c4c2,db3915139463d5136cc226c4766ea75e4068561927f74467a164ea3f8456accf,60.0,AFFIRM_POSITION_STATE_TRANSITION_PREDICATE_NOT_SATISFIED,1,1.0,0.5613976286352659,0.5886753226102963,0.33048093014952046,UPWARD,0.5940288586699265,0.8106329337667811,0.9999999954714686,0.21826669857067707,0.3654132070985477,0.4539145167741429,HOLD,SHORT,SHORT,15,4,2
98,97,2022-09-30 06:17:00,AAPL,143.36,143.36,143.36,143.36,530,99,ACTIONABLE,34ef1ace56f5612835d1a8032f9a2b29e43881caa35b3d0c94408bf005fbade6,4f91d2222e224ba06a40118f650ca7208125b8feb3017230cd3d09ea7ee479b0,60.0,AFFIRM_POSITION_STATE_TRANSITION_PREDICATE_NOT_SATISFIED,1,1.0,0.6094924793012766,0.34419990366948083,0.20978725266277246,DOWNWARD,-0.06317856569316405,0.768595491655335,0.9999147380982089,0.29460780677396203,0.321165368555061,0.8254750594649215,HOLD,SHORT,SHORT,15,6,2
99,98,2022-09-30 06:19:00,AAPL,143.29,143.3,143.25,143.25,911,100,ACTIONABLE,8bc79d8b7681dcdf2f6d4d6ae8e4ea0544a425801f5f79155f66254e07eeca84,d33540030467dd08511c54489a5bd76e49a34516fbc97a82c1c233440d5e2169,120.0,AFFIRM_POSITION_STATE_TRANSITION_PREDICATE_NOT_SATISFIED,1,1.0,0.5736543239749191,0.4820403862812749,0.2765245519207936,DOWNWARD,-0.4689438508891586,0.8121078410367872,0.9862860096442144,0.23568624541916963,0.4066072253621235,0.6084163071449558,HOLD,SHORT,SHORT,15,5,2
100,99,2022-09-30 06:21:00,AAPL,143.16,143.16,143.16,143.16,668,101,ACTIONABLE,37155a11b46388478335c00281178b567461f4dbb3927d98b8d6f5facef40100,7bf431b76ebbab1bdef556565382776b9372ded9ac1f9235587040d5e34112a0,120.0,AFFIRM_POSITION_STATE_TRANSITION_PREDICATE_NOT_SATISFIED,1,1.0,0.3625350312426484,0.44715781570571594,0.16211037268726614,DOWNWARD,-0.30494050541754836,0.6113010181007213,0.20060867342633887,0.388548386137498,0.4362059172440798,0.6453490409666641,HOLD,SHORT,SHORT,15,3,2
