source_row_index,source_timestamp,receive_time_utc,processing_complete_time_utc,ingress_to_pricing_output_elapsed_ns,entity_id,close,adaptive_status,adaptive_position_decision,pricing_status,pricing_emitted,pricing_color,pricing_phase,pricing_confidence,rk_success,domain_exit,price_cockpit_output
0,2022-09-30 04:00:00,2026-08-27T19:05:32.438426Z,2026-08-27T19:05:32.439418Z,998400,AAPL,143.49,INITIALIZING,,WARMUP_DERIVATIVE,False,,,,,,False
1,2022-09-30 04:01:00,2026-08-27T19:05:32.439510Z,2026-08-27T19:05:32.440046Z,539200,AAPL,143.38,INITIALIZING,,WARMUP_DERIVATIVE,False,,,,,,False
2,2022-09-30 04:02:00,2026-08-27T19:05:32.440124Z,2026-08-27T19:05:32.440663Z,541900,AAPL,143.22,INITIALIZING,,WARMUP_DERIVATIVE,False,,,,,,False
3,2022-09-30 04:03:00,2026-08-27T19:05:32.440727Z,2026-08-27T19:05:32.441162Z,436800,AAPL,143.23,INITIALIZING,,WARMUP_DERIVATIVE,False,,,,,,False
4,2022-09-30 04:04:00,2026-08-27T19:05:32.441214Z,2026-08-27T19:05:32.441653Z,441500,AAPL,143.32,INITIALIZING,,WARMUP_DERIVATIVE,False,,,,,,False
5,2022-09-30 04:05:00,2026-08-27T19:05:32.441703Z,2026-08-27T19:05:32.442238Z,537400,AAPL,143.2,INITIALIZING,,WARMUP_DERIVATIVE,False,,,,,,False
6,2022-09-30 04:06:00,2026-08-27T19:05:32.442318Z,2026-08-27T19:05:32.442872Z,557800,AAPL,143.0,INITIALIZING,,WARMUP_DERIVATIVE,False,,,,,,False
7,2022-09-30 04:09:00,2026-08-27T19:05:32.442983Z,2026-08-27T19:05:32.443500Z,519900,AAPL,143.02,INITIALIZING,,WARMUP_DERIVATIVE,False,,,,,,False
8,2022-09-30 04:14:00,2026-08-27T19:05:32.443588Z,2026-08-27T19:05:32.444020Z,433900,AAPL,143.2,INITIALIZING,,WARMUP_DERIVATIVE,False,,,,,,False
9,2022-09-30 04:15:00,2026-08-27T19:05:32.444066Z,2026-08-27T19:05:32.444489Z,424700,AAPL,143.24,INITIALIZING,,WARMUP_DERIVATIVE,False,,,,,,False
10,2022-09-30 04:16:00,2026-08-27T19:05:32.444553Z,2026-08-27T19:05:32.445098Z,547700,AAPL,143.39,INITIALIZING,,WARMUP_DERIVATIVE,False,,,,,,False
11,2022-09-30 04:17:00,2026-08-27T19:05:32.445166Z,2026-08-27T19:05:32.445609Z,444700,AAPL,143.35,INITIALIZING,,WARMUP_DERIVATIVE,False,,,,,,False
12,2022-09-30 04:18:00,2026-08-27T19:05:32.445667Z,2026-08-27T19:05:32.446176Z,511500,AAPL,143.33,INITIALIZING,,WARMUP_DERIVATIVE,False,,,,,,False
13,2022-09-30 04:19:00,2026-08-27T19:05:32.446236Z,2026-08-27T19:05:32.446672Z,438500,AAPL,143.31,INITIALIZING,,WARMUP_DERIVATIVE,False,,,,,,False
14,2022-09-30 04:20:00,2026-08-27T19:05:32.446731Z,2026-08-27T19:05:32.447261Z,532400,AAPL,143.31,INITIALIZING,,WARMUP_DERIVATIVE,False,,,,,,False
15,2022-09-30 04:21:00,2026-08-27T19:05:32.447332Z,2026-08-27T19:05:32.448253Z,923900,AAPL,143.3,ACTIONABLE,SELL,WARMUP_F4,False,,,,,,False
16,2022-09-30 04:24:00,2026-08-27T19:05:32.448304Z,2026-08-27T19:05:32.448996Z,694000,AAPL,143.3,ACTIONABLE,HOLD,WARMUP_F4,False,,,,,,False
17,2022-09-30 04:25:00,2026-08-27T19:05:32.449061Z,2026-08-27T19:05:32.449724Z,665400,AAPL,143.35,ACTIONABLE,BUY,WARMUP_F4,False,,,,,,False
18,2022-09-30 04:26:00,2026-08-27T19:05:32.449791Z,2026-08-27T19:05:32.450457Z,667700,AAPL,143.34,ACTIONABLE,HOLD,WARMUP_F4,False,,,,,,False
19,2022-09-30 04:27:00,2026-08-27T19:05:32.450522Z,2026-08-27T19:05:32.451188Z,668500,AAPL,143.3,ACTIONABLE,HOLD,WARMUP_F4,False,,,,,,False
20,2022-09-30 04:30:00,2026-08-27T19:05:32.451244Z,2026-08-27T19:05:32.452086Z,846200,AAPL,143.22,ACTIONABLE,HOLD,WARMUP_F4,False,,,,,,False
21,2022-09-30 04:32:00,2026-08-27T19:05:32.452168Z,2026-08-27T19:05:32.452897Z,733000,AAPL,143.3,ACTIONABLE,HOLD,WARMUP_F4,False,,,,,,False
22,2022-09-30 04:33:00,2026-08-27T19:05:32.452975Z,2026-08-27T19:05:32.453832Z,861000,AAPL,143.23,ACTIONABLE,HOLD,WARMUP_F4,False,,,,,,False
23,2022-09-30 04:36:00,2026-08-27T19:05:32.453917Z,2026-08-27T19:05:32.454596Z,681400,AAPL,143.2,ACTIONABLE,HOLD,WARMUP_F4,False,,,,,,False
24,2022-09-30 04:37:00,2026-08-27T19:05:32.454664Z,2026-08-27T19:05:32.455327Z,665300,AAPL,143.24,ACTIONABLE,HOLD,WARMUP_F4,False,,,,,,False
25,2022-09-30 04:38:00,2026-08-27T19:05:32.455395Z,2026-08-27T19:05:32.456042Z,648900,AAPL,143.02,ACTIONABLE,HOLD,WARMUP_F4,False,,,,,,False
26,2022-09-30 04:39:00,2026-08-27T19:05:32.456104Z,2026-08-27T19:05:32.456756Z,654200,AAPL,143.19,ACTIONABLE,HOLD,WARMUP_F4,False,,,,,,False
27,2022-09-30 04:40:00,2026-08-27T19:05:32.456827Z,2026-08-27T19:05:32.457478Z,653500,AAPL,143.2,ACTIONABLE,HOLD,WARMUP_F4,False,,,,,,False
28,2022-09-30 04:41:00,2026-08-27T19:05:32.457546Z,2026-08-27T19:05:32.458199Z,655600,AAPL,143.2,ACTIONABLE,SELL,WARMUP_F4,False,,,,,,False
29,2022-09-30 04:42:00,2026-08-27T19:05:32.458266Z,2026-08-27T19:05:32.458921Z,658300,AAPL,143.3,ACTIONABLE,HOLD,WARMUP_F4,False,,,,,,False
30,2022-09-30 04:43:00,2026-08-27T19:05:32.458985Z,2026-08-27T19:05:32.459725Z,743900,AAPL,143.3,ACTIONABLE,SELL,WARMUP_F4,False,,,,,,False
31,2022-09-30 04:44:00,2026-08-27T19:05:32.459790Z,2026-08-27T19:05:32.460519Z,731900,AAPL,143.32,ACTIONABLE,HOLD,WARMUP_F4,False,,,,,,False
32,2022-09-30 04:46:00,2026-08-27T19:05:32.460583Z,2026-08-27T19:05:32.461253Z,671800,AAPL,143.34,ACTIONABLE,HOLD,WARMUP_F4,False,,,,,,False
33,2022-09-30 04:49:00,2026-08-27T19:05:32.461346Z,2026-08-27T19:05:32.462019Z,675800,AAPL,143.34,ACTIONABLE,SELL,WARMUP_F4,False,,,,,,False
34,2022-09-30 04:50:00,2026-08-27T19:05:32.462087Z,2026-08-27T19:05:32.462748Z,663300,AAPL,143.3,ACTIONABLE,SELL,WARMUP_F4,False,,,,,,False
35,2022-09-30 04:52:00,2026-08-27T19:05:32.462813Z,2026-08-27T19:05:32.463457Z,647400,AAPL,143.4,ACTIONABLE,HOLD,WARMUP_F4,False,,,,,,False
36,2022-09-30 04:53:00,2026-08-27T19:05:32.463559Z,2026-08-27T19:05:32.464218Z,661300,AAPL,143.5,ACTIONABLE,HOLD,WARMUP_F4,False,,,,,,False
37,2022-09-30 04:55:00,2026-08-27T19:05:32.464284Z,2026-08-27T19:05:32.464941Z,659000,AAPL,143.45,ACTIONABLE,HOLD,WARMUP_F4,False,,,,,,False
38,2022-09-30 04:57:00,2026-08-27T19:05:32.465004Z,2026-08-27T19:05:32.465666Z,663800,AAPL,143.5,ACTIONABLE,HOLD,WARMUP_F4,False,,,,,,False
39,2022-09-30 04:58:00,2026-08-27T19:05:32.465730Z,2026-08-27T19:05:32.466381Z,653300,AAPL,143.57,ACTIONABLE,BUY,WARMUP_F4,False,,,,,,False
40,2022-09-30 04:59:00,2026-08-27T19:05:32.466441Z,2026-08-27T19:05:32.467102Z,663700,AAPL,143.54,ACTIONABLE,HOLD,WARMUP_F4,False,,,,,,False
41,2022-09-30 05:01:00,2026-08-27T19:05:32.467174Z,2026-08-27T19:05:32.467882Z,710400,AAPL,143.41,ACTIONABLE,HOLD,WARMUP_F4,False,,,,,,False
42,2022-09-30 05:02:00,2026-08-27T19:05:32.467958Z,2026-08-27T19:05:32.468649Z,693400,AAPL,143.36,ACTIONABLE,SELL,WARMUP_F4,False,,,,,,False
43,2022-09-30 05:03:00,2026-08-27T19:05:32.468718Z,2026-08-27T19:05:32.469598Z,884900,AAPL,143.38,ACTIONABLE,HOLD,WARMUP_F4,False,,,,,,False
44,2022-09-30 05:06:00,2026-08-27T19:05:32.469675Z,2026-08-27T19:05:32.470511Z,840600,AAPL,143.4,ACTIONABLE,HOLD,WARMUP_F4,False,,,,,,False
45,2022-09-30 05:07:00,2026-08-27T19:05:32.470584Z,2026-08-27T19:05:32.472644Z,2065800,AAPL,143.4,ACTIONABLE,HOLD,EMITTED,True,AMBER,DOWN_ACCELERATING,LOW,True,False,True
46,2022-09-30 05:08:00,2026-08-27T19:05:32.472704Z,2026-08-27T19:05:32.474115Z,1414100,AAPL,143.39,ACTIONABLE,HOLD,EMITTED,True,AMBER,DOWN_ACCELERATING,LOW,True,False,True
47,2022-09-30 05:09:00,2026-08-27T19:05:32.474166Z,2026-08-27T19:05:32.475504Z,1342900,AAPL,143.39,ACTIONABLE,HOLD,EMITTED,True,RED,DOWN_ACCELERATING,MEDIUM,True,False,True
48,2022-09-30 05:10:00,2026-08-27T19:05:32.475574Z,2026-08-27T19:05:32.477166Z,1598600,AAPL,143.39,ACTIONABLE,SELL,EMITTED,True,AMBER,DOWN_ACCELERATING,LOW,True,True,True
49,2022-09-30 05:11:00,2026-08-27T19:05:32.477255Z,2026-08-27T19:05:32.478686Z,1435700,AAPL,143.32,ACTIONABLE,HOLD,EMITTED,True,RED,DOWN_ACCELERATING,MEDIUM,True,False,True
50,2022-09-30 05:13:00,2026-08-27T19:05:32.478755Z,2026-08-27T19:05:32.480001Z,1249100,AAPL,143.4,ACTIONABLE,HOLD,EMITTED,True,RED,DOWN_ACCELERATING,MEDIUM,True,False,True
51,2022-09-30 05:15:00,2026-08-27T19:05:32.480053Z,2026-08-27T19:05:32.481426Z,1378900,AAPL,143.31,ACTIONABLE,HOLD,EMITTED,True,AMBER,DOWN_DECELERATING,MEDIUM,True,False,True
52,2022-09-30 05:16:00,2026-08-27T19:05:32.481484Z,2026-08-27T19:05:32.482752Z,1272800,AAPL,143.38,ACTIONABLE,HOLD,EMITTED,True,AMBER,DOWN_DECELERATING,MEDIUM,True,False,True
53,2022-09-30 05:17:00,2026-08-27T19:05:32.482807Z,2026-08-27T19:05:32.484581Z,1781300,AAPL,143.2,ACTIONABLE,HOLD,EMITTED,True,GREEN,UP_ACCELERATING,MEDIUM,True,False,True
54,2022-09-30 05:19:00,2026-08-27T19:05:32.484665Z,2026-08-27T19:05:32.486161Z,1501100,AAPL,143.06,ACTIONABLE,HOLD,EMITTED,True,AMBER,DOWN_DECELERATING,MEDIUM,True,False,True
55,2022-09-30 05:20:00,2026-08-27T19:05:32.486270Z,2026-08-27T19:05:32.487705Z,1441000,AAPL,143.0,ACTIONABLE,HOLD,EMITTED,True,AMBER,DOWN_ACCELERATING,LOW,True,True,True
56,2022-09-30 05:21:00,2026-08-27T19:05:32.487765Z,2026-08-27T19:05:32.489089Z,1328400,AAPL,143.04,ACTIONABLE,HOLD,EMITTED,True,AMBER,DOWN_ACCELERATING,LOW,True,True,True
57,2022-09-30 05:22:00,2026-08-27T19:05:32.489144Z,2026-08-27T19:05:32.490421Z,1282000,AAPL,143.1,ACTIONABLE,HOLD,EMITTED,True,AMBER,DOWN_ACCELERATING,LOW,True,True,True
58,2022-09-30 05:23:00,2026-08-27T19:05:32.490486Z,2026-08-27T19:05:32.491816Z,1335800,AAPL,143.01,ACTIONABLE,HOLD,EMITTED,True,RED,DOWN_ACCELERATING,MEDIUM,True,False,True
59,2022-09-30 05:24:00,2026-08-27T19:05:32.491880Z,2026-08-27T19:05:32.493391Z,1517100,AAPL,143.05,ACTIONABLE,HOLD,EMITTED,True,AMBER,DOWN_ACCELERATING,LOW,True,True,True
60,2022-09-30 05:25:00,2026-08-27T19:05:32.493467Z,2026-08-27T19:05:32.494832Z,1370100,AAPL,143.2,ACTIONABLE,HOLD,EMITTED,True,RED,DOWN_ACCELERATING,MEDIUM,True,False,True
61,2022-09-30 05:26:00,2026-08-27T19:05:32.494888Z,2026-08-27T19:05:32.496156Z,1272100,AAPL,143.2,ACTIONABLE,HOLD,EMITTED,True,AMBER,DOWN_DECELERATING,MEDIUM,True,False,True
62,2022-09-30 05:27:00,2026-08-27T19:05:32.496211Z,2026-08-27T19:05:32.497482Z,1275600,AAPL,143.2,ACTIONABLE,HOLD,EMITTED,True,AMBER,UP_ACCELERATING,LOW,True,True,True
63,2022-09-30 05:28:00,2026-08-27T19:05:32.497539Z,2026-08-27T19:05:32.498778Z,1243900,AAPL,143.21,ACTIONABLE,HOLD,EMITTED,True,AMBER,UP_ACCELERATING,LOW,True,True,True
64,2022-09-30 05:29:00,2026-08-27T19:05:32.498832Z,2026-08-27T19:05:32.500095Z,1268600,AAPL,143.38,ACTIONABLE,BUY,EMITTED,True,AMBER,UP_ACCELERATING,LOW,True,True,True
65,2022-09-30 05:32:00,2026-08-27T19:05:32.500151Z,2026-08-27T19:05:32.501624Z,1480000,AAPL,143.2,ACTIONABLE,HOLD,EMITTED,True,AMBER,UP_ACCELERATING,LOW,True,True,True
66,2022-09-30 05:34:00,2026-08-27T19:05:32.501796Z,2026-08-27T19:05:32.503335Z,1546300,AAPL,143.3,ACTIONABLE,BUY,EMITTED,True,AMBER,UP_ACCELERATING,LOW,True,False,True
67,2022-09-30 05:35:00,2026-08-27T19:05:32.503403Z,2026-08-27T19:05:32.504777Z,1378900,AAPL,143.3,ACTIONABLE,HOLD,EMITTED,True,AMBER,UP_ACCELERATING,LOW,True,False,True
68,2022-09-30 05:37:00,2026-08-27T19:05:32.504833Z,2026-08-27T19:05:32.506121Z,1292800,AAPL,143.2,ACTIONABLE,HOLD,EMITTED,True,AMBER,UP_ACCELERATING,LOW,True,False,True
69,2022-09-30 05:38:00,2026-08-27T19:05:32.506176Z,2026-08-27T19:05:32.507589Z,1417800,AAPL,143.04,ACTIONABLE,HOLD,EMITTED,True,AMBER,DOWN_ACCELERATING,LOW,True,True,True
70,2022-09-30 05:41:00,2026-08-27T19:05:32.507660Z,2026-08-27T19:05:32.508998Z,1342500,AAPL,143.03,ACTIONABLE,HOLD,EMITTED,True,AMBER,DOWN_ACCELERATING,LOW,True,True,True
71,2022-09-30 05:43:00,2026-08-27T19:05:32.509071Z,2026-08-27T19:05:32.510689Z,1630200,AAPL,143.03,ACTIONABLE,HOLD,EMITTED,True,AMBER,DOWN_ACCELERATING,LOW,True,True,True
72,2022-09-30 05:44:00,2026-08-27T19:05:32.510772Z,2026-08-27T19:05:32.512108Z,1341300,AAPL,143.04,ACTIONABLE,BUY,EMITTED,True,AMBER,DOWN_ACCELERATING,LOW,True,True,True
73,2022-09-30 05:45:00,2026-08-27T19:05:32.512163Z,2026-08-27T19:05:32.513484Z,1325300,AAPL,143.04,ACTIONABLE,BUY,EMITTED,True,AMBER,DOWN_ACCELERATING,LOW,True,True,True
74,2022-09-30 05:46:00,2026-08-27T19:05:32.513538Z,2026-08-27T19:05:32.514933Z,1400300,AAPL,143.15,ACTIONABLE,HOLD,EMITTED,True,AMBER,DOWN_ACCELERATING,LOW,True,True,True
75,2022-09-30 05:49:00,2026-08-27T19:05:32.514997Z,2026-08-27T19:05:32.516331Z,1338300,AAPL,143.16,ACTIONABLE,HOLD,EMITTED,True,AMBER,DOWN_ACCELERATING,LOW,True,False,True
76,2022-09-30 05:50:00,2026-08-27T19:05:32.516390Z,2026-08-27T19:05:32.517969Z,1585200,AAPL,143.15,ACTIONABLE,HOLD,EMITTED,True,AMBER,DOWN_DECELERATING,LOW,True,False,True
77,2022-09-30 05:52:00,2026-08-27T19:05:32.518061Z,2026-08-27T19:05:32.519518Z,1462300,AAPL,143.15,ACTIONABLE,HOLD,EMITTED,True,GREEN,UP_ACCELERATING,MEDIUM,True,False,True
78,2022-09-30 05:55:00,2026-08-27T19:05:32.519579Z,2026-08-27T19:05:32.520936Z,1362500,AAPL,143.1,ACTIONABLE,HOLD,EMITTED,True,GREEN,UP_ACCELERATING,MEDIUM,True,False,True
79,2022-09-30 05:56:00,2026-08-27T19:05:32.520997Z,2026-08-27T19:05:32.522293Z,1299800,AAPL,143.06,ACTIONABLE,HOLD,EMITTED,True,GREEN,UP_ACCELERATING,MEDIUM,True,False,True
80,2022-09-30 05:57:00,2026-08-27T19:05:32.522351Z,2026-08-27T19:05:32.523623Z,1276400,AAPL,143.03,ACTIONABLE,HOLD,EMITTED,True,GREEN,UP_ACCELERATING,MEDIUM,True,False,True
81,2022-09-30 05:58:00,2026-08-27T19:05:32.523676Z,2026-08-27T19:05:32.524963Z,1291700,AAPL,142.89,ACTIONABLE,SELL,EMITTED,True,GREEN,UP_ACCELERATING,MEDIUM,True,False,True
82,2022-09-30 06:01:00,2026-08-27T19:05:32.525019Z,2026-08-27T19:05:32.526469Z,1455800,AAPL,143.0,ACTIONABLE,HOLD,EMITTED,True,AMBER,DOWN_DECELERATING,LOW,True,True,True
83,2022-09-30 06:02:00,2026-08-27T19:05:32.526552Z,2026-08-27T19:05:32.527922Z,1374300,AAPL,143.17,ACTIONABLE,HOLD,EMITTED,True,RED,DOWN_ACCELERATING,MEDIUM,True,False,True
84,2022-09-30 06:03:00,2026-08-27T19:05:32.527984Z,2026-08-27T19:05:32.529298Z,1320400,AAPL,143.18,ACTIONABLE,HOLD,EMITTED,True,RED,DOWN_ACCELERATING,MEDIUM,True,False,True
85,2022-09-30 06:04:00,2026-08-27T19:05:32.529375Z,2026-08-27T19:05:32.530707Z,1336600,AAPL,143.25,ACTIONABLE,BUY,EMITTED,True,AMBER,NEAR_STATIONARY,MEDIUM,True,False,True
86,2022-09-30 06:05:00,2026-08-27T19:05:32.530761Z,2026-08-27T19:05:32.532168Z,1413500,AAPL,143.3,ACTIONABLE,BUY,EMITTED,True,GREEN,UP_ACCELERATING,MEDIUM,True,False,True
87,2022-09-30 06:06:00,2026-08-27T19:05:32.532232Z,2026-08-27T19:05:32.533615Z,1391400,AAPL,143.25,ACTIONABLE,HOLD,EMITTED,True,GREEN,UP_ACCELERATING,MEDIUM,True,False,True
88,2022-09-30 06:07:00,2026-08-27T19:05:32.533680Z,2026-08-27T19:05:32.535172Z,1498500,AAPL,143.15,ACTIONABLE,SELL,EMITTED,True,GREEN,UP_ACCELERATING,MEDIUM,True,False,True
89,2022-09-30 06:08:00,2026-08-27T19:05:32.535265Z,2026-08-27T19:05:32.536702Z,1442600,AAPL,143.17,ACTIONABLE,HOLD,EMITTED,True,GREEN,UP_ACCELERATING,MEDIUM,True,False,True
90,2022-09-30 06:09:00,2026-08-27T19:05:32.536780Z,2026-08-27T19:05:32.538143Z,1367600,AAPL,143.25,ACTIONABLE,HOLD,EMITTED,True,GREEN,UP_ACCELERATING,MEDIUM,True,False,True
91,2022-09-30 06:11:00,2026-08-27T19:05:32.538204Z,2026-08-27T19:05:32.539479Z,1279200,AAPL,143.3,ACTIONABLE,HOLD,EMITTED,True,GREEN,UP_ACCELERATING,MEDIUM,True,False,True
92,2022-09-30 06:12:00,2026-08-27T19:05:32.539533Z,2026-08-27T19:05:32.540883Z,1355000,AAPL,143.3,ACTIONABLE,HOLD,EMITTED,True,GREEN,UP_ACCELERATING,MEDIUM,True,False,True
93,2022-09-30 06:13:00,2026-08-27T19:05:32.540946Z,2026-08-27T19:05:32.542195Z,1253500,AAPL,143.25,ACTIONABLE,SELL,EMITTED,True,GREEN,UP_ACCELERATING,MEDIUM,True,False,True
94,2022-09-30 06:14:00,2026-08-27T19:05:32.542300Z,2026-08-27T19:05:32.544075Z,1782500,AAPL,143.3,ACTIONABLE,HOLD,EMITTED,True,AMBER,NEAR_STATIONARY,MEDIUM,True,False,True
95,2022-09-30 06:15:00,2026-08-27T19:05:32.544158Z,2026-08-27T19:05:32.545438Z,1285300,AAPL,143.28,ACTIONABLE,HOLD,EMITTED,True,RED,DOWN_ACCELERATING,MEDIUM,True,False,True
96,2022-09-30 06:16:00,2026-08-27T19:05:32.545494Z,2026-08-27T19:05:32.546771Z,1281700,AAPL,143.34,ACTIONABLE,HOLD,EMITTED,True,AMBER,DOWN_ACCELERATING,LOW,True,True,True
97,2022-09-30 06:17:00,2026-08-27T19:05:32.546829Z,2026-08-27T19:05:32.548441Z,1619500,AAPL,143.36,ACTIONABLE,HOLD,EMITTED,True,AMBER,NEAR_STATIONARY,LOW,True,False,True
98,2022-09-30 06:19:00,2026-08-27T19:05:32.548527Z,2026-08-27T19:05:32.550030Z,1511700,AAPL,143.25,ACTIONABLE,HOLD,EMITTED,True,AMBER,UP_ACCELERATING,LOW,True,True,True
99,2022-09-30 06:21:00,2026-08-27T19:05:32.550141Z,2026-08-27T19:05:32.551627Z,1492800,AAPL,143.16,ACTIONABLE,HOLD,EMITTED,True,AMBER,UP_DECELERATING,MEDIUM,True,False,True
